{
    "defaultConfig": {
        "lang": "zh-Hans"
    },
    "redirect": [
        {
            "matchMethod": ["*"],
            "matchUrl": {
                "pathname": "/"
            },
            "to": {
                "url": "/locales/{{lang}}{{pattern.pathname.input}}index.html",
                "appendHeaders": {},
                "removeHeaders": []
            }
        },
        {
            "matchMethod": ["*"],
            "matchUrl": {
                "pathname": "{/}assets/*"
            },
            "to": {
                "url": "{{pattern.pathname.input}}",
                "appendHeaders": {},
                "removeHeaders": []
            }
        },
        {
            "matchMethod": ["*"],
            "matchUrl": {
                "pathname": "/*"
            },
            "to": {
                "url": "/locales/{{lang}}{{pattern.pathname.input}}",
                "appendHeaders": {},
                "removeHeaders": []
            }
        }
    ]
}
